{
    "tileset": {
        "images": {
             "01" : "Tile Basic Terrain Set 1.4.1/Tiles/base00.png",
             "02" : "Tile Basic Terrain Set 1.4.1/Tiles/base01.png",
             "03" : "Tile Basic Terrain Set 1.4.1/Tiles/base02.png",
             "04" : "Tile Basic Terrain Set 1.4.1/Tiles/base03.png",
             "05" : "Tile Basic Terrain Set 1.4.1/Tiles/desertDunes00.png",
             "06" : "Tile Basic Terrain Set 1.4.1/Tiles/desertDunes01.png",
             "07" : "Tile Basic Terrain Set 1.4.1/Tiles/desertDunes02.png",
             "08" : "Tile Basic Terrain Set 1.4.1/Tiles/desertDunes03.png",
             "09" : "Tile Basic Terrain Set 1.4.1/Tiles/dirt00.png",
             "10" : "Tile Basic Terrain Set 1.4.1/Tiles/dirt01.png",
             "11" : "Tile Basic Terrain Set 1.4.1/Tiles/dirt02.png",
             "12" : "Tile Basic Terrain Set 1.4.1/Tiles/dirt03.png",
             "13" : "Tile Basic Terrain Set 1.4.1/Tiles/forestBroadleaf00.png",
             "14" : "Tile Basic Terrain Set 1.4.1/Tiles/forestBroadleaf01.png",
             "15" : "Tile Basic Terrain Set 1.4.1/Tiles/forestBroadleaf02.png",
             "16" : "Tile Basic Terrain Set 1.4.1/Tiles/forestBroadleaf03.png",
             "17" : "Tile Basic Terrain Set 1.4.1/Tiles/highlands00.png",
             "18" : "Tile Basic Terrain Set 1.4.1/Tiles/highlands01.png",
             "19" : "Tile Basic Terrain Set 1.4.1/Tiles/highlands02.png",
             "20" : "Tile Basic Terrain Set 1.4.1/Tiles/highlands03.png",
             "21" : "Tile Basic Terrain Set 1.4.1/Tiles/hills00.png",
             "22" : "Tile Basic Terrain Set 1.4.1/Tiles/hills01.png",
             "23" : "Tile Basic Terrain Set 1.4.1/Tiles/hills02.png",
             "24" : "Tile Basic Terrain Set 1.4.1/Tiles/hills03.png",
             "25" : "Tile Basic Terrain Set 1.4.1/Tiles/marsh00.png",
             "26" : "Tile Basic Terrain Set 1.4.1/Tiles/marsh01.png",
             "27" : "Tile Basic Terrain Set 1.4.1/Tiles/marsh02.png",
             "28" : "Tile Basic Terrain Set 1.4.1/Tiles/marsh03.png",
             "29" : "Tile Basic Terrain Set 1.4.1/Tiles/mountain00.png",
             "30" : "Tile Basic Terrain Set 1.4.1/Tiles/mountain01.png",
             "31" : "Tile Basic Terrain Set 1.4.1/Tiles/mountain02.png",
             "32" : "Tile Basic Terrain Set 1.4.1/Tiles/mountain03.png",
             "33" : "Tile Basic Terrain Set 1.4.1/Tiles/ocean00.png",
             "34" : "Tile Basic Terrain Set 1.4.1/Tiles/ocean01.png",
             "35" : "Tile Basic Terrain Set 1.4.1/Tiles/ocean02.png",
             "36" : "Tile Basic Terrain Set 1.4.1/Tiles/ocean03.png",
             "37" : "Tile Basic Terrain Set 1.4.1/Tiles/oceanCalm00.png",
             "38" : "Tile Basic Terrain Set 1.4.1/Tiles/oceanCalm01.png",
             "39" : "Tile Basic Terrain Set 1.4.1/Tiles/oceanCalm02.png",
             "40" : "Tile Basic Terrain Set 1.4.1/Tiles/oceanCalm03.png",
             "41" : "Tile Basic Terrain Set 1.4.1/Tiles/plains00.png",
             "42" : "Tile Basic Terrain Set 1.4.1/Tiles/plains01.png",
             "43" : "Tile Basic Terrain Set 1.4.1/Tiles/plains02.png",
             "44" : "Tile Basic Terrain Set 1.4.1/Tiles/plains03.png",
             "45" : "Tile Basic Terrain Set 1.4.1/Tiles/scrubland00.png",
             "46" : "Tile Basic Terrain Set 1.4.1/Tiles/scrubland01.png",
             "47" : "Tile Basic Terrain Set 1.4.1/Tiles/scrubland02.png",
             "48" : "Tile Basic Terrain Set 1.4.1/Tiles/scrubland03.png",
             "49" : "Tile Basic Terrain Set 1.4.1/Tiles/void00.png",
             "50" : "Tile Basic Terrain Set 1.4.1/Tiles/void01.png",
             "51" : "Tile Basic Terrain Set 1.4.1/Tiles/void02.png",
             "52" : "Tile Basic Terrain Set 1.4.1/Tiles/snow03.png",
             "53" : "Tile Basic Terrain Set 1.4.1/Tiles/woodland00.png",
             "54" : "Tile Basic Terrain Set 1.4.1/Tiles/woodland01.png",
             "55" : "Tile Basic Terrain Set 1.4.1/Tiles/woodland02.png",
             "56" : "Tile Basic Terrain Set 1.4.1/Tiles/woodland03.png"
        }
    }
}