{
   "datas": {
      "app_information": [
         { "app_name": "DAGX UI Designer", "app_version": "1.0.0" }
      ],
      "configurations": [
         { "name": "language", "value": "french" },
         { "name": "color", "value": "dark" },
         { "name": "background", "value": "im_back_blackgym" },
         { "name": "blur", "value": "fbw5" },
         { "name": "preparetime", "value": "10" },
         { "name": "cleantime", "value": "30" },
         { "name": "switchtime", "value": "30" },
         { "name": "partner_image", "value": "im_gympartner_male" },
         { "name": "partner_name", "value": "Heracles" },
         { "name": "partner_voice", "value": "im_voicepartner_male" },
         { "name": "partner_font", "value": "ffr" },
         { "name": "partner_volume", "value": "9" },
         { "name": "partner_auto_read", "value": "1" }]
   }
}
