{
   "db_example": {
      "app_information": {
         "keyPath": "app_id",
         "autoIncrement": "true",
         "indexes": [
            { "name": "app_nameIDX", "keyPath": "app_name", "unique": "true" },
            { "name": "app_versionIDX", "keyPath": "app_version", "unique": "true" }
         ]
      },
      "configurations": {
         "keyPath": "configurationid",
         "autoIncrement": "true",
         "indexes": [
            { "name": "nameIDX", "keyPath": "name", "unique": "true" },
            { "name": "valueIDX", "keyPath": "value", "unique": "false" }
         ]
      },
      "migrations": {
         "keyPath": "name",
         "autoIncrement": "true",
         "indexes": [
            { "name": "nameIDX", "keyPath": "name", "unique": "true" },
            { "name": "versionIDX", "keyPath": "version", "unique": "true" }]
      }
   }
}
