{
  "path": "/assets/game/tilesets/from gamedevmarket.net/by DanielThomas/resized/grassland/",
  "offset": {
    "x": 0,
    "y": 0
  },
  "tiles": {
    "1": {
      "name": "grassland1",
      "file": "grassland1.png"
    },
    "2": {
      "name": "grassland2",
      "file": "grassland2.png"
    },
    "3": {
      "name": "grassland3",
      "file": "grassland3.png"
    },
    "4": {
      "name": "grassland4",
      "file": "grassland4.png"
    },
    "5": {
      "name": "grassland5",
      "file": "grassland5.png"
    },
    "6": {
      "name": "grassland6",
      "file": "grassland6.png"
    },
    "7": {
      "name": "grassland7",
      "file": "grassland7.png"
    },
    "8": {
      "name": "grassland8",
      "file": "grassland8.png"
    },
    "9": {
      "name": "grassland9",
      "file": "grassland9.png"
    },
    "10": {
      "name": "grassland10",
      "file": "grassland10.png"
    },
    "11": {
      "name": "grassland11",
      "file": "grassland11.png"
    },
    "12": {
      "name": "grassland12",
      "file": "grassland12.png"
    },
    "13": {
      "name": "grassland13",
      "file": "grassland13.png"
    },
    "14": {
      "name": "grassland14",
      "file": "grassland14.png"
    },
    "15": {
      "name": "grassland15",
      "file": "grassland15.png"
    },
    "16": {
      "name": "grassland16",
      "file": "grassland16.png"
    },
    "17": {
      "name": "grassland17",
      "file": "grassland17.png"
    },
    "18": {
      "name": "grassland18",
      "file": "grassland18.png"
    },
    "19": {
      "name": "grassland19",
      "file": "grassland19.png"
    },
    "20": {
      "name": "grassland20",
      "file": "grassland20.png"
    },
    "21": {
      "name": "grassland21",
      "file": "grassland21.png"
    },
    "22": {
      "name": "grassland22",
      "file": "grassland22.png"
    },
    "23": {
      "name": "grassland23",
      "file": "grassland23.png"
    },
    "24": {
      "name": "grassland24",
      "file": "grassland24.png"
    },
    "25": {
      "name": "grassland25",
      "file": "grassland25.png"
    },
    "26": {
      "name": "grassland26",
      "file": "grassland26.png"
    },
    "27": {
      "name": "grassland27",
      "file": "grassland27.png"
    },
    "28": {
      "name": "grassland28",
      "file": "grassland28.png"
    },
    "29": {
      "name": "grassland29",
      "file": "grassland29.png"
    },
    "30": {
      "name": "grassland30",
      "file": "grassland30.png"
    },
    "31": {
      "name": "grassland31",
      "file": "grassland31.png"
    },
    "32": {
      "name": "grassland32",
      "file": "grassland32.png"
    },
    "33": {
      "name": "grassland33",
      "file": "grassland33.png"
    },
    "34": {
      "name": "grassland34",
      "file": "grassland34.png"
    },
    "35": {
      "name": "grassland35",
      "file": "grassland35.png"
    },
    "36": {
      "name": "grassland36",
      "file": "grassland36.png"
    },
    "37": {
      "name": "grassland37",
      "file": "grassland37.png"
    },
    "38": {
      "name": "grassland38",
      "file": "grassland38.png"
    },
    "39": {
      "name": "grassland39",
      "file": "grassland39.png"
    },
    "40": {
      "name": "grassland40",
      "file": "grassland40.png"
    },
    "41": {
      "name": "grassland41",
      "file": "grassland41.png"
    },
    "42": {
      "name": "grassland42",
      "file": "grassland42.png"
    },
    "43": {
      "name": "grassland43",
      "file": "grassland43.png"
    },
    "44": {
      "name": "grassland44",
      "file": "grassland44.png"
    },
    "45": {
      "name": "grassland45",
      "file": "grassland45.png"
    },
    "46": {
      "name": "grassland46",
      "file": "grassland46.png"
    },
    "47": {
      "name": "grassland47",
      "file": "grassland47.png"
    },
    "48": {
      "name": "grassland48",
      "file": "grassland48.png"
    },
    "49": {
      "name": "grassland49",
      "file": "grassland49.png"
    },
    "50": {
      "name": "grassland50",
      "file": "grassland50.png"
    },
    "51": {
      "name": "grassland51",
      "file": "grassland51.png"
    },
    "52": {
      "name": "grassland52",
      "file": "grassland52.png"
    },
    "53": {
      "name": "grassland53",
      "file": "grassland53.png"
    },
    "54": {
      "name": "grassland54",
      "file": "grassland54.png"
    },
    "55": {
      "name": "grassland55",
      "file": "grassland55.png"
    },
    "56": {
      "name": "grassland56",
      "file": "grassland56.png"
    },
    "57": {
      "name": "grassland57",
      "file": "grassland57.png"
    },
    "58": {
      "name": "grassland58",
      "file": "grassland58.png"
    },
    "59": {
      "name": "grassland59",
      "file": "grassland59.png"
    },
    "60": {
      "name": "grassland60",
      "file": "grassland60.png"
    },
    "61": {
      "name": "grassland61",
      "file": "grassland61.png"
    },
    "62": {
      "name": "grassland62",
      "file": "grassland62.png"
    },
    "63": {
      "name": "grassland63",
      "file": "grassland63.png"
    },
    "64": {
      "name": "grassland64",
      "file": "grassland64.png"
    },
    "65": {
      "name": "grassland65",
      "file": "grassland65.png"
    },
    "66": {
      "name": "grassland66",
      "file": "grassland66.png"
    },
    "67": {
      "name": "grassland67",
      "file": "grassland67.png"
    },
    "68": {
      "name": "grassland68",
      "file": "grassland68.png"
    },
    "69": {
      "name": "grassland69",
      "file": "grassland69.png"
    },
    "70": {
      "name": "grassland70",
      "file": "grassland70.png"
    },
    "71": {
      "name": "grassland71",
      "file": "grassland71.png"
    },
    "72": {
      "name": "grassland72",
      "file": "grassland72.png"
    },
    "73": {
      "name": "grassland73",
      "file": "grassland73.png"
    },
    "74": {
      "name": "grassland74",
      "file": "grassland74.png"
    },
    "75": {
      "name": "grassland75",
      "file": "grassland75.png"
    },
    "76": {
      "name": "grassland76",
      "file": "grassland76.png"
    },
    "77": {
      "name": "grassland77",
      "file": "grassland77.png"
    },
    "78": {
      "name": "grassland78",
      "file": "grassland78.png"
    },
    "79": {
      "name": "grassland79",
      "file": "grassland79.png"
    },
    "80": {
      "name": "grassland80",
      "file": "grassland80.png"
    },
    "81": {
      "name": "grassland81",
      "file": "grassland81.png"
    },
    "82": {
      "name": "grassland82",
      "file": "grassland82.png"
    },
    "83": {
      "name": "grassland83",
      "file": "grassland83.png"
    },
    "84": {
      "name": "grassland84",
      "file": "grassland84.png"
    },
    "85": {
      "name": "grassland85",
      "file": "grassland85.png"
    },
    "86": {
      "name": "grassland86",
      "file": "grassland86.png"
    },
    "87": {
      "name": "grassland87",
      "file": "grassland87.png"
    },
    "88": {
      "name": "grassland88",
      "file": "grassland88.png"
    },
    "89": {
      "name": "grassland89",
      "file": "grassland89.png"
    },
    "90": {
      "name": "grassland90",
      "file": "grassland90.png"
    },
    "91": {
      "name": "grassland91",
      "file": "grassland91.png"
    },
    "92": {
      "name": "grassland92",
      "file": "grassland92.png"
    },
    "93": {
      "name": "grassland93",
      "file": "grassland93.png"
    },
    "94": {
      "name": "grassland94",
      "file": "grassland94.png"
    },
    "95": {
      "name": "grassland95",
      "file": "grassland95.png"
    },
    "96": {
      "name": "grassland96",
      "file": "grassland96.png"
    },
    "97": {
      "name": "grassland97",
      "file": "grassland97.png"
    },
    "98": {
      "name": "grassland98",
      "file": "grassland98.png"
    },
    "99": {
      "name": "grassland99",
      "file": "grassland99.png"
    },
    "100": {
      "name": "grassland100",
      "file": "grassland100.png"
    },
    "101": {
      "name": "grassland101",
      "file": "grassland101.png"
    },
    "102": {
      "name": "grassland102",
      "file": "grassland102.png"
    },
    "103": {
      "name": "grassland103",
      "file": "grassland103.png"
    },
    "104": {
      "name": "grassland104",
      "file": "grassland104.png"
    },
    "105": {
      "name": "grassland105",
      "file": "grassland105.png"
    },
    "106": {
      "name": "grassland106",
      "file": "grassland106.png"
    },
    "107": {
      "name": "grassland107",
      "file": "grassland107.png"
    },
    "108": {
      "name": "grassland108",
      "file": "grassland108.png"
    },
    "109": {
      "name": "grassland109",
      "file": "grassland109.png"
    },
    "110": {
      "name": "grassland110",
      "file": "grassland110.png"
    },
    "111": {
      "name": "grassland111",
      "file": "grassland111.png"
    },
    "112": {
      "name": "grassland112",
      "file": "grassland112.png"
    },
    "113": {
      "name": "grassland113",
      "file": "grassland113.png"
    },
    "114": {
      "name": "grassland114",
      "file": "grassland114.png"
    },
    "115": {
      "name": "grassland115",
      "file": "grassland115.png"
    },
    "116": {
      "name": "grassland116",
      "file": "grassland116.png"
    },
    "117": {
      "name": "grassland117",
      "file": "grassland117.png"
    },
    "118": {
      "name": "grassland118",
      "file": "grassland118.png"
    },
    "119": {
      "name": "grassland119",
      "file": "grassland119.png"
    },
    "120": {
      "name": "grassland120",
      "file": "grassland120.png"
    },
    "121": {
      "name": "grassland121",
      "file": "grassland121.png"
    },
    "122": {
      "name": "grassland122",
      "file": "grassland122.png"
    },
    "123": {
      "name": "grassland123",
      "file": "grassland123.png"
    },
    "124": {
      "name": "grassland124",
      "file": "grassland124.png"
    },
    "125": {
      "name": "grassland125",
      "file": "grassland125.png"
    },
    "126": {
      "name": "grassland126",
      "file": "grassland126.png"
    },
    "127": {
      "name": "grassland127",
      "file": "grassland127.png"
    },
    "128": {
      "name": "grassland128",
      "file": "grassland128.png"
    },
    "129": {
      "name": "grassland129",
      "file": "grassland129.png"
    },
    "130": {
      "name": "grassland130",
      "file": "grassland130.png"
    },
    "131": {
      "name": "grassland131",
      "file": "grassland131.png"
    },
    "132": {
      "name": "grassland132",
      "file": "grassland132.png"
    },
    "133": {
      "name": "grassland133",
      "file": "grassland133.png"
    },
    "134": {
      "name": "grassland134",
      "file": "grassland134.png"
    },
    "135": {
      "name": "grassland135",
      "file": "grassland135.png"
    },
    "136": {
      "name": "grassland136",
      "file": "grassland136.png"
    },
    "137": {
      "name": "grassland137",
      "file": "grassland137.png"
    },
    "138": {
      "name": "grassland138",
      "file": "grassland138.png"
    },
    "139": {
      "name": "grassland139",
      "file": "grassland139.png"
    },
    "140": {
      "name": "grassland140",
      "file": "grassland140.png"
    },
    "141": {
      "name": "grassland141",
      "file": "grassland141.png"
    },
    "142": {
      "name": "grassland142",
      "file": "grassland142.png"
    },
    "143": {
      "name": "grassland143",
      "file": "grassland143.png"
    },
    "144": {
      "name": "grassland144",
      "file": "grassland144.png"
    },
    "145": {
      "name": "grassland145",
      "file": "grassland145.png"
    },
    "146": {
      "name": "grassland146",
      "file": "grassland146.png"
    },
    "147": {
      "name": "grassland147",
      "file": "grassland147.png"
    },
    "148": {
      "name": "grassland148",
      "file": "grassland148.png"
    },
    "149": {
      "name": "grassland149",
      "file": "grassland149.png"
    },
    "150": {
      "name": "grassland150",
      "file": "grassland150.png"
    },
    "151": {
      "name": "grassland151",
      "file": "grassland151.png"
    },
    "152": {
      "name": "grassland152",
      "file": "grassland152.png"
    },
    "153": {
      "name": "grassland153",
      "file": "grassland153.png"
    },
    "154": {
      "name": "grassland154",
      "file": "grassland154.png"
    },
    "155": {
      "name": "grassland155",
      "file": "grassland155.png"
    },
    "156": {
      "name": "grassland156",
      "file": "grassland156.png"
    },
    "157": {
      "name": "grassland157",
      "file": "grassland157.png"
    },
    "158": {
      "name": "grassland158",
      "file": "grassland158.png"
    },
    "159": {
      "name": "grassland159",
      "file": "grassland159.png"
    },
    "160": {
      "name": "grassland160",
      "file": "grassland160.png"
    },
    "161": {
      "name": "grassland161",
      "file": "grassland161.png"
    },
    "162": {
      "name": "grassland162",
      "file": "grassland162.png"
    },
    "163": {
      "name": "grassland163",
      "file": "grassland163.png"
    },
    "164": {
      "name": "grassland164",
      "file": "grassland164.png"
    },
    "165": {
      "name": "grassland165",
      "file": "grassland165.png"
    },
    "166": {
      "name": "grassland166",
      "file": "grassland166.png"
    },
    "167": {
      "name": "grassland167",
      "file": "grassland167.png"
    },
    "168": {
      "name": "grassland168",
      "file": "grassland168.png"
    },
    "169": {
      "name": "grassland169",
      "file": "grassland169.png"
    },
    "170": {
      "name": "grassland170",
      "file": "grassland170.png"
    },
    "171": {
      "name": "grassland171",
      "file": "grassland171.png"
    },
    "172": {
      "name": "grassland172",
      "file": "grassland172.png"
    },
    "173": {
      "name": "grassland173",
      "file": "grassland173.png"
    },
    "174": {
      "name": "grassland174",
      "file": "grassland174.png"
    },
    "175": {
      "name": "grassland175",
      "file": "grassland175.png"
    },
    "176": {
      "name": "grassland176",
      "file": "grassland176.png"
    },
    "177": {
      "name": "grassland177",
      "file": "grassland177.png"
    },
    "178": {
      "name": "grassland178",
      "file": "grassland178.png"
    },
    "179": {
      "name": "grassland179",
      "file": "grassland179.png"
    },
    "180": {
      "name": "grassland180",
      "file": "grassland180.png"
    },
    "181": {
      "name": "grassland181",
      "file": "grassland181.png"
    },
    "182": {
      "name": "grassland182",
      "file": "grassland182.png"
    },
    "183": {
      "name": "grassland183",
      "file": "grassland183.png"
    },
    "184": {
      "name": "grassland184",
      "file": "grassland184.png"
    },
    "185": {
      "name": "grassland185",
      "file": "grassland185.png"
    },
    "186": {
      "name": "grassland186",
      "file": "grassland186.png"
    },
    "187": {
      "name": "grassland187",
      "file": "grassland187.png"
    },
    "188": {
      "name": "grassland188",
      "file": "grassland188.png"
    },
    "189": {
      "name": "grassland189",
      "file": "grassland189.png"
    },
    "190": {
      "name": "grassland190",
      "file": "grassland190.png"
    },
    "191": {
      "name": "grassland191",
      "file": "grassland191.png"
    },
    "192": {
      "name": "grassland192",
      "file": "grassland192.png"
    },
    "193": {
      "name": "grassland193",
      "file": "grassland193.png"
    },
    "194": {
      "name": "grassland194",
      "file": "grassland194.png"
    },
    "195": {
      "name": "grassland195",
      "file": "grassland195.png"
    },
    "196": {
      "name": "grassland196",
      "file": "grassland196.png"
    },
    "197": {
      "name": "grassland197",
      "file": "grassland197.png"
    },
    "198": {
      "name": "grassland198",
      "file": "grassland198.png"
    },
    "199": {
      "name": "grassland199",
      "file": "grassland199.png"
    },
    "200": {
      "name": "grassland200",
      "file": "grassland200.png"
    },
    "201": {
      "name": "grassland201",
      "file": "grassland201.png"
    },
    "202": {
      "name": "grassland202",
      "file": "grassland202.png"
    },
    "203": {
      "name": "grassland203",
      "file": "grassland203.png"
    },
    "204": {
      "name": "grassland204",
      "file": "grassland204.png"
    },
    "205": {
      "name": "grassland205",
      "file": "grassland205.png"
    },
    "206": {
      "name": "grassland206",
      "file": "grassland206.png"
    },
    "207": {
      "name": "grassland207",
      "file": "grassland207.png"
    },
    "208": {
      "name": "grassland208",
      "file": "grassland208.png"
    },
    "209": {
      "name": "grassland209",
      "file": "grassland209.png"
    },
    "210": {
      "name": "grassland210",
      "file": "grassland210.png"
    },
    "211": {
      "name": "grassland211",
      "file": "grassland211.png"
    },
    "212": {
      "name": "grassland212",
      "file": "grassland212.png"
    },
    "213": {
      "name": "grassland213",
      "file": "grassland213.png"
    },
    "214": {
      "name": "grassland214",
      "file": "grassland214.png"
    },
    "215": {
      "name": "grassland215",
      "file": "grassland215.png"
    },
    "216": {
      "name": "grassland216",
      "file": "grassland216.png"
    },
    "217": {
      "name": "grassland217",
      "file": "grassland217.png"
    },
    "218": {
      "name": "grassland218",
      "file": "grassland218.png"
    },
    "219": {
      "name": "grassland219",
      "file": "grassland219.png"
    },
    "220": {
      "name": "grassland220",
      "file": "grassland220.png"
    },
    "221": {
      "name": "grassland221",
      "file": "grassland221.png"
    },
    "222": {
      "name": "grassland222",
      "file": "grassland222.png"
    },
    "223": {
      "name": "grassland223",
      "file": "grassland223.png"
    },
    "224": {
      "name": "grassland224",
      "file": "grassland224.png"
    },
    "225": {
      "name": "grassland225",
      "file": "grassland225.png"
    },
    "226": {
      "name": "grassland226",
      "file": "grassland226.png"
    },
    "227": {
      "name": "grassland227",
      "file": "grassland227.png"
    },
    "228": {
      "name": "grassland228",
      "file": "grassland228.png"
    },
    "229": {
      "name": "grassland229",
      "file": "grassland229.png"
    },
    "230": {
      "name": "grassland230",
      "file": "grassland230.png"
    },
    "231": {
      "name": "grassland231",
      "file": "grassland231.png"
    },
    "232": {
      "name": "grassland232",
      "file": "grassland232.png"
    },
    "233": {
      "name": "grassland233",
      "file": "grassland233.png"
    },
    "234": {
      "name": "grassland234",
      "file": "grassland234.png"
    },
    "235": {
      "name": "grassland235",
      "file": "grassland235.png"
    },
    "236": {
      "name": "grassland236",
      "file": "grassland236.png"
    },
    "237": {
      "name": "grassland237",
      "file": "grassland237.png"
    },
    "238": {
      "name": "grassland238",
      "file": "grassland238.png"
    },
    "239": {
      "name": "grassland239",
      "file": "grassland239.png"
    },
    "240": {
      "name": "grassland240",
      "file": "grassland240.png"
    },
    "241": {
      "name": "grassland241",
      "file": "grassland241.png"
    },
    "242": {
      "name": "grassland242",
      "file": "grassland242.png"
    },
    "243": {
      "name": "grassland243",
      "file": "grassland243.png"
    },
    "244": {
      "name": "grassland244",
      "file": "grassland244.png"
    },
    "245": {
      "name": "grassland245",
      "file": "grassland245.png"
    },
    "246": {
      "name": "grassland246",
      "file": "grassland246.png"
    },
    "247": {
      "name": "grassland247",
      "file": "grassland247.png"
    },
    "248": {
      "name": "grassland248",
      "file": "grassland248.png"
    },
    "249": {
      "name": "grassland249",
      "file": "grassland249.png"
    },
    "250": {
      "name": "grassland250",
      "file": "grassland250.png"
    },
    "251": {
      "name": "grassland251",
      "file": "grassland251.png"
    },
    "252": {
      "name": "grassland252",
      "file": "grassland252.png"
    },
    "253": {
      "name": "grassland253",
      "file": "grassland253.png"
    },
    "254": {
      "name": "grassland254",
      "file": "grassland254.png"
    },
    "255": {
      "name": "grassland255",
      "file": "grassland255.png"
    },
    "256": {
      "name": "grassland256",
      "file": "grassland256.png"
    }
  }
}
