{
    "jsonPath": "/assets/game/tilesets/Tile Basic Terrain Set 1.4.1.json",
    "path": "/assets/game/tilesets/from gamedevmarket.net/by dgbaumgart/Tile Basic Terrain Set 1.4.1/Tiles/x64/",
    "offset": {
      "x": 0,
      "y": -32
    },
    "tiles": {
      "1": {
        "name": "base00",
        "file": "base00.png",
        "image": {}
      },
      "2": {
        "name": "base01",
        "file": "base01.png",
        "image": {}
      },
      "3": {
        "name": "base02",
        "file": "base02.png",
        "image": {}
      },
      "4": {
        "name": "base03",
        "file": "base03.png",
        "image": {}
      },
      "5": {
        "name": "desertDunes00",
        "file": "desertDunes00.png",
        "image": {}
      },
      "6": {
        "name": "desertDunes01",
        "file": "desertDunes01.png",
        "image": {}
      },
      "7": {
        "name": "desertDunes02",
        "file": "desertDunes02.png",
        "image": {}
      },
      "8": {
        "name": "desertDunes03",
        "file": "desertDunes03.png",
        "image": {}
      },
      "9": {
        "name": "dirt00",
        "file": "dirt00.png",
        "image": {}
      },
      "10": {
        "name": "dirt01",
        "file": "dirt01.png",
        "image": {}
      },
      "11": {
        "name": "dirt02",
        "file": "dirt02.png",
        "image": {}
      },
      "12": {
        "name": "dirt03",
        "file": "dirt03.png",
        "image": {}
      },
      "13": {
        "name": "forestBroadleaf00",
        "file": "forestBroadleaf00.png",
        "image": {}
      },
      "14": {
        "name": "forestBroadleaf01",
        "file": "forestBroadleaf01.png",
        "image": {}
      },
      "15": {
        "name": "forestBroadleaf02",
        "file": "forestBroadleaf02.png",
        "image": {}
      },
      "16": {
        "name": "forestBroadleaf03",
        "file": "forestBroadleaf03.png",
        "image": {}
      },
      "17": {
        "name": "highlands00",
        "file": "highlands00.png",
        "image": {}
      },
      "18": {
        "name": "highlands01",
        "file": "highlands01.png",
        "image": {}
      },
      "19": {
        "name": "highlands02",
        "file": "highlands02.png",
        "image": {}
      },
      "20": {
        "name": "highlands03",
        "file": "highlands03.png",
        "image": {}
      },
      "21": {
        "name": "hills00",
        "file": "hills00.png",
        "image": {}
      },
      "22": {
        "name": "hills01",
        "file": "hills01.png",
        "image": {}
      },
      "23": {
        "name": "hills02",
        "file": "hills02.png",
        "image": {}
      },
      "24": {
        "name": "hills03",
        "file": "hills03.png",
        "image": {}
      },
      "25": {
        "name": "marsh00",
        "file": "marsh00.png",
        "image": {}
      },
      "26": {
        "name": "marsh01",
        "file": "marsh01.png",
        "image": {}
      },
      "27": {
        "name": "marsh02",
        "file": "marsh02.png",
        "image": {}
      },
      "28": {
        "name": "marsh03",
        "file": "marsh03.png",
        "image": {}
      },
      "29": {
        "name": "mountain00",
        "file": "mountain00.png",
        "image": {}
      },
      "30": {
        "name": "mountain01",
        "file": "mountain01.png",
        "image": {}
      },
      "31": {
        "name": "mountain02",
        "file": "mountain02.png",
        "image": {}
      },
      "32": {
        "name": "mountain03",
        "file": "mountain03.png",
        "image": {}
      },
      "33": {
        "name": "ocean00",
        "file": "ocean00.png",
        "image": {}
      },
      "34": {
        "name": "ocean01",
        "file": "ocean01.png",
        "image": {}
      },
      "35": {
        "name": "ocean02",
        "file": "ocean02.png",
        "image": {}
      },
      "36": {
        "name": "ocean03",
        "file": "ocean03.png",
        "image": {}
      },
      "37": {
        "name": "oceanCalm00",
        "file": "oceanCalm00.png",
        "image": {}
      },
      "38": {
        "name": "oceanCalm01",
        "file": "oceanCalm01.png",
        "image": {}
      },
      "39": {
        "name": "oceanCalm02",
        "file": "oceanCalm02.png",
        "image": {}
      },
      "40": {
        "name": "oceanCalm03",
        "file": "oceanCalm03.png",
        "image": {}
      },
      "41": {
        "name": "plains00",
        "file": "plains00.png",
        "image": {}
      },
      "42": {
        "name": "plains01",
        "file": "plains01.png",
        "image": {}
      },
      "43": {
        "name": "plains02",
        "file": "plains02.png",
        "image": {}
      },
      "44": {
        "name": "plains03",
        "file": "plains03.png",
        "image": {}
      },
      "45": {
        "name": "scrubland00",
        "file": "scrubland00.png",
        "image": {}
      },
      "46": {
        "name": "scrubland01",
        "file": "scrubland01.png",
        "image": {}
      },
      "47": {
        "name": "scrubland02",
        "file": "scrubland02.png",
        "image": {}
      },
      "48": {
        "name": "scrubland03",
        "file": "scrubland03.png",
        "image": {}
      },
      "49": {
        "name": "void00",
        "file": "void00.png",
        "image": {}
      },
      "50": {
        "name": "void01",
        "file": "void01.png",
        "image": {}
      },
      "51": {
        "name": "void02",
        "file": "void02.png",
        "image": {}
      },
      "52": {
        "name": "void03",
        "file": "void03.png",
        "image": {}
      },
      "53": {
        "name": "woodlands00",
        "file": "woodlands00.png",
        "image": {}
      },
      "54": {
        "name": "woodlands01",
        "file": "woodlands01.png",
        "image": {}
      },
      "55": {
        "name": "woodlands02",
        "file": "woodlands02.png",
        "image": {}
      },
      "56": {
        "name": "woodlands03",
        "file": "woodlands03.png",
        "image": {}
      }
    },
    "graphicalPatterns": {
      "1": {
        "pattern": [
          1,
          1,
          1,
          1
        ]
      }
    },
    "collidePatterns": {
      "1": {
        "pattern": [
          0,
          0,
          0,
          0
        ]
      },
      "2": {
        "pattern": [
          1,
          1,
          1,
          1
        ]
      }
    },
    "colors": {
      "bas": {
        "name": "base",
        "hsl": [
          0,
          100,
          15
        ]
      },
      "san": {
        "name": "sand",
        "hsl": [
          61,
          100,
          50
        ]
      },
      "dir": {
        "name": "dirt",
        "hsl": [
          61,
          100,
          28
        ]
      },
      "for": {
        "name": "forest",
        "hsl": [
          124,
          100,
          21
        ]
      },
      "hig": {
        "name": "highlands",
        "hsl": [
          124,
          59,
          80
        ]
      },
      "hil": {
        "name": "hills",
        "hsl": [
          70,
          44,
          42
        ]
      },
      "mar": {
        "name": "marsh",
        "hsl": [
          302,
          100,
          30
        ]
      },
      "mou": {
        "name": "mountain",
        "hsl": [
          71,
          17,
          75
        ]
      },
      "oce": {
        "name": "ocean",
        "hsl": [
          247,
          61,
          51
        ]
      },
      "occ": {
        "name": "ocean calm",
        "hsl": [
          247,
          100,
          77
        ]
      },
      "pla": {
        "name": "plains",
        "hsl": [
          130,
          57,
          49
        ]
      },
      "scr": {
        "name": "scrubland",
        "hsl": [
          130,
          53,
          59
        ]
      },
      "voi": {
        "name": "void",
        "hsl": [
          0,
          0,
          0
        ]
      },
      "woo": {
        "name": "woodlands",
        "hsl": [
          127,
          78,
          35
        ]
      }
    },
    "associations": {
      "1": {
        "tiles": "1",
        "graphicalPattern": "1",
        "collidePattern": "1",
        "color1": "bas",
        "color2": null
      },
      "2": {
        "tiles": "2",
        "graphicalPattern": "1",
        "collidePattern": "1",
        "color1": "bas",
        "color2": null
      },
      "3": {
        "tiles": "3",
        "graphicalPattern": "1",
        "collidePattern": "1",
        "color1": "bas",
        "color2": null
      },
      "4": {
        "tiles": "4",
        "graphicalPattern": "1",
        "collidePattern": "1",
        "color1": "bas",
        "color2": null
      },
      "5": {
        "tiles": "5",
        "graphicalPattern": "1",
        "collidePattern": "1",
        "color1": "san",
        "color2": null
      },
      "6": {
        "tiles": "6",
        "graphicalPattern": "1",
        "collidePattern": "1",
        "color1": "san",
        "color2": null
      },
      "7": {
        "tiles": "7",
        "graphicalPattern": "1",
        "collidePattern": "1",
        "color1": "san",
        "color2": null
      },
      "8": {
        "tiles": "8",
        "graphicalPattern": "1",
        "collidePattern": "1",
        "color1": "san",
        "color2": null
      },
      "9": {
        "tiles": "9",
        "graphicalPattern": "1",
        "collidePattern": "1",
        "color1": "dir",
        "color2": null
      },
      "10": {
        "tiles": "10",
        "graphicalPattern": "1",
        "collidePattern": "1",
        "color1": "dir",
        "color2": null
      },
      "11": {
        "tiles": "11",
        "graphicalPattern": "1",
        "collidePattern": "1",
        "color1": "dir",
        "color2": null
      },
      "12": {
        "tiles": "12",
        "graphicalPattern": "1",
        "collidePattern": "1",
        "color1": "dir",
        "color2": null
      },
      "13": {
        "tiles": "13",
        "graphicalPattern": "1",
        "collidePattern": "1",
        "color1": "for",
        "color2": null
      },
      "14": {
        "tiles": "14",
        "graphicalPattern": "1",
        "collidePattern": "1",
        "color1": "for",
        "color2": null
      },
      "15": {
        "tiles": "15",
        "graphicalPattern": "1",
        "collidePattern": "1",
        "color1": "for",
        "color2": null
      },
      "16": {
        "tiles": "16",
        "graphicalPattern": "1",
        "collidePattern": "1",
        "color1": "for",
        "color2": null
      },
      "17": {
        "tiles": "18",
        "graphicalPattern": "1",
        "collidePattern": "1",
        "color1": "hig",
        "color2": null
      },
      "18": {
        "tiles": "17",
        "graphicalPattern": "1",
        "collidePattern": "1",
        "color1": "hig",
        "color2": null
      },
      "19": {
        "tiles": "19",
        "graphicalPattern": "1",
        "collidePattern": "1",
        "color1": "hig",
        "color2": null
      },
      "20": {
        "tiles": "20",
        "graphicalPattern": "1",
        "collidePattern": "1",
        "color1": "hig",
        "color2": null
      },
      "21": {
        "tiles": "21",
        "graphicalPattern": "1",
        "collidePattern": "1",
        "color1": "hil",
        "color2": null
      },
      "22": {
        "tiles": "22",
        "graphicalPattern": "1",
        "collidePattern": "1",
        "color1": "hil",
        "color2": null
      },
      "23": {
        "tiles": "23",
        "graphicalPattern": "1",
        "collidePattern": "1",
        "color1": "hil",
        "color2": null
      },
      "24": {
        "tiles": "24",
        "graphicalPattern": "1",
        "collidePattern": "1",
        "color1": "hil",
        "color2": null
      },
      "25": {
        "tiles": "25",
        "graphicalPattern": "1",
        "collidePattern": "1",
        "color1": "mar",
        "color2": null
      },
      "26": {
        "tiles": "26",
        "graphicalPattern": "1",
        "collidePattern": "1",
        "color1": "mar",
        "color2": null
      },
      "27": {
        "tiles": "27",
        "graphicalPattern": "1",
        "collidePattern": "1",
        "color1": "mar",
        "color2": null
      },
      "28": {
        "tiles": "28",
        "graphicalPattern": "1",
        "collidePattern": "1",
        "color1": "mar",
        "color2": null
      },
      "29": {
        "tiles": "29",
        "graphicalPattern": "1",
        "collidePattern": "2",
        "color1": "mou",
        "color2": null
      },
      "30": {
        "tiles": "30",
        "graphicalPattern": "1",
        "collidePattern": "2",
        "color1": "mou",
        "color2": null
      },
      "31": {
        "tiles": "31",
        "graphicalPattern": "1",
        "collidePattern": "2",
        "color1": "mou",
        "color2": null
      },
      "32": {
        "tiles": "32",
        "graphicalPattern": "1",
        "collidePattern": "2",
        "color1": "mou",
        "color2": null
      },
      "33": {
        "tiles": "33",
        "graphicalPattern": "1",
        "collidePattern": "2",
        "color1": "oce",
        "color2": null
      },
      "34": {
        "tiles": "34",
        "graphicalPattern": "1",
        "collidePattern": "2",
        "color1": "oce",
        "color2": null
      },
      "35": {
        "tiles": "35",
        "graphicalPattern": "1",
        "collidePattern": "2",
        "color1": "oce",
        "color2": null
      },
      "36": {
        "tiles": "36",
        "graphicalPattern": "1",
        "collidePattern": "2",
        "color1": "oce",
        "color2": null
      },
      "37": {
        "tiles": "37",
        "graphicalPattern": "1",
        "collidePattern": "2",
        "color1": "occ",
        "color2": null
      },
      "38": {
        "tiles": "38",
        "graphicalPattern": "1",
        "collidePattern": "2",
        "color1": "occ",
        "color2": null
      },
      "39": {
        "tiles": "39",
        "graphicalPattern": "1",
        "collidePattern": "2",
        "color1": "occ",
        "color2": null
      },
      "40": {
        "tiles": "40",
        "graphicalPattern": "1",
        "collidePattern": "2",
        "color1": "occ",
        "color2": null
      },
      "41": {
        "tiles": "41",
        "graphicalPattern": "1",
        "collidePattern": "1",
        "color1": "pla",
        "color2": null
      },
      "42": {
        "tiles": "42",
        "graphicalPattern": "1",
        "collidePattern": "1",
        "color1": "pla",
        "color2": null
      },
      "43": {
        "tiles": "43",
        "graphicalPattern": "1",
        "collidePattern": "1",
        "color1": "pla",
        "color2": null
      },
      "44": {
        "tiles": "44",
        "graphicalPattern": "1",
        "collidePattern": "1",
        "color1": "pla",
        "color2": null
      },
      "45": {
        "tiles": "45",
        "graphicalPattern": "1",
        "collidePattern": "1",
        "color1": "scr",
        "color2": null
      },
      "46": {
        "tiles": "46",
        "graphicalPattern": "1",
        "collidePattern": "1",
        "color1": "scr",
        "color2": null
      },
      "47": {
        "tiles": "47",
        "graphicalPattern": "1",
        "collidePattern": "1",
        "color1": "scr",
        "color2": null
      },
      "48": {
        "tiles": "48",
        "graphicalPattern": "1",
        "collidePattern": "1",
        "color1": "scr",
        "color2": null
      },
      "49": {
        "tiles": "49",
        "graphicalPattern": "1",
        "collidePattern": "1",
        "color1": "voi",
        "color2": null
      },
      "50": {
        "tiles": "50",
        "graphicalPattern": "1",
        "collidePattern": "1",
        "color1": "voi",
        "color2": null
      },
      "51": {
        "tiles": "51",
        "graphicalPattern": "1",
        "collidePattern": "1",
        "color1": "voi",
        "color2": null
      },
      "52": {
        "tiles": "52",
        "graphicalPattern": "1",
        "collidePattern": "1",
        "color1": "voi",
        "color2": null
      },
      "53": {
        "tiles": "53",
        "graphicalPattern": "1",
        "collidePattern": "1",
        "color1": "woo",
        "color2": null
      },
      "54": {
        "tiles": "54",
        "graphicalPattern": "1",
        "collidePattern": "1",
        "color1": "woo",
        "color2": null
      },
      "55": {
        "tiles": "55",
        "graphicalPattern": "1",
        "collidePattern": "1",
        "color1": "woo",
        "color2": null
      },
      "56": {
        "tiles": "56",
        "graphicalPattern": "1",
        "collidePattern": "1",
        "color1": "woo",
        "color2": null
      }
    }
  }