{
  "sheetName": "companion-cat",
  "spritefolder": "\\from gamedevmarket.com\\by RobertBrooks\\resized\\companion-cat",
  "spriteAnimations": {
    "idle-standing": {
      "folder": "idle-standing",
      "frames": [
        "0.png",
        "1.png",
        "2.png",
        "3.png",
        "4.png",
        "5.png",
        "6.png",
        "7.png"
      ]
    },
    "walking": {
      "folder": "walking",
      "frames": [
        "0.png",
        "1.png",
        "2.png",
        "3.png",
        "4.png",
        "5.png",
        "6.png",
        "7.png"
      ]
    },
    "running": {
      "folder": "running",
      "frames": [
        "0.png",
        "1.png",
        "2.png",
        "3.png",
        "4.png",
        "5.png",
        "6.png",
        "7.png"
      ]
    }
  },
  "collideBox": {
    "x": 0,
    "y": 0,
    "width": 5,
    "height": 4
  },
  "hitBoxes": [
    {
      "x": 0,
      "y": 0,
      "width": 0,
      "height": 0
    }
  ]
}
