{
  "sheetName": "companion-dog",
  "spritefolder": "\\from gamedevmarket.com\\by sologamedev\\resized\\companion-dog",
  "spriteAnimations": {
    "idle": {
      "folder": "Idle",
      "frames": [
        "0.png",
        "1.png",
        "2.png",
        "3.png",
        "4.png",
        "5.png",
        "6.png",
        "7.png"
      ]
    },
    "walking": {
      "folder": "Walking",
      "frames": [
        "0.png",
        "1.png",
        "2.png",
        "3.png",
        "4.png",
        "5.png",
        "6.png",
        "7.png"
      ]
    },
    "running": {
      "folder": "Running",
      "frames": [
        "0.png",
        "1.png",
        "2.png",
        "3.png",
        "4.png",
        "5.png",
        "6.png",
        "7.png"
      ]
    }
  },
  "collideBox": {
    "x": 0,
    "y": 0,
    "width": 25,
    "height": 19
  },
  "hitBoxes": [
    {
      "x": 0,
      "y": 0,
      "width": 0,
      "height": 0
    }
  ]
}
