{
  "sheetName": "enemy-zombie-1",
  "spritefolder": "\\from gamedevmarket.com\\by sologamedev\\resized\\enemy-zombie-1",
  "spriteAnimations": {
    "attacking": {
      "folder": "Attacking",
      "frames": [
        "0.png",
        "1.png",
        "2.png",
        "3.png",
        "4.png",
        "5.png",
        "6.png",
        "7.png"
      ]
    },
    "dying": {
      "folder": "Dying",
      "frames": [
        "0.png",
        "1.png",
        "2.png",
        "3.png",
        "4.png",
        "5.png",
        "6.png",
        "7.png"
      ]
    },
    "hurt": {
      "folder": "Hurt",
      "frames": [
        "0.png",
        "1.png",
        "2.png",
        "3.png",
        "4.png",
        "5.png",
        "6.png",
        "7.png"
      ]
    },
    "idle": {
      "folder": "Idle",
      "frames": [
        "0.png",
        "1.png",
        "2.png",
        "3.png",
        "4.png",
        "5.png",
        "6.png",
        "7.png"
      ]
    },
    "idle blinking": {
      "folder": "Idle Blinking",
      "frames": [
        "0.png",
        "1.png",
        "2.png",
        "3.png",
        "4.png",
        "5.png",
        "6.png",
        "7.png"
      ]
    },
    "running": {
      "folder": "Running",
      "frames": [
        "0.png",
        "1.png",
        "2.png",
        "3.png",
        "4.png",
        "5.png",
        "6.png",
        "7.png"
      ]
    },
    "throwing": {
      "folder": "Throwing",
      "frames": [
        "0.png",
        "1.png",
        "2.png",
        "3.png",
        "4.png",
        "5.png",
        "6.png",
        "7.png"
      ]
    },
    "walking": {
      "folder": "Walking",
      "frames": [
        "0.png",
        "1.png",
        "2.png",
        "3.png",
        "4.png",
        "5.png",
        "6.png",
        "7.png"
      ]
    }
  },
  "collideBox": {
    "x": 16,
    "y": 45,
    "width": 18,
    "height": 13
  },
  "hitBoxes": [
    {
      "x": 0,
      "y": 0,
      "width": 0,
      "height": 0
    }
  ]
}
