{
  "sheetName": "player-lucas",
  "spritefolder": "\\from gamedevmarket.com\\by sologamedev\\resized\\player-lucas",
  "spriteAnimations": {
    "attacking": {
      "folder": "Attacking",
      "frames": [
        "0.png",
        "1.png",
        "2.png",
        "3.png",
        "4.png",
        "5.png",
        "6.png",
        "7.png"
      ]
    },
    "attacking in the air": {
      "folder": "Attacking in The Air",
      "frames": [
        "0.png",
        "1.png",
        "2.png",
        "3.png",
        "4.png",
        "5.png",
        "6.png",
        "7.png"
      ]
    },
    "defending": {
      "folder": "Defending",
      "frames": [
        "0.png",
        "1.png",
        "2.png",
        "3.png",
        "4.png",
        "5.png",
        "6.png",
        "7.png"
      ]
    },
    "dying": {
      "folder": "Dying",
      "frames": [
        "0.png",
        "1.png",
        "2.png",
        "3.png",
        "4.png",
        "5.png",
        "6.png",
        "7.png"
      ]
    },
    "hurt": {
      "folder": "Hurt",
      "frames": [
        "0.png",
        "1.png",
        "2.png",
        "3.png",
        "4.png",
        "5.png",
        "6.png",
        "7.png"
      ]
    },
    "idle": {
      "folder": "Idle",
      "frames": [
        "0.png",
        "1.png",
        "2.png",
        "3.png",
        "4.png",
        "5.png",
        "6.png",
        "7.png"
      ]
    },
    "idle blinking": {
      "folder": "Idle Blinking",
      "frames": [
        "0.png",
        "1.png",
        "2.png",
        "3.png",
        "4.png",
        "5.png",
        "6.png",
        "7.png"
      ]
    },
    "jumping": {
      "folder": "Jumping",
      "frames": [
        "0.png",
        "1.png",
        "2.png",
        "3.png",
        "4.png",
        "5.png",
        "6.png",
        "7.png"
      ]
    },
    "running": {
      "folder": "Running",
      "frames": [
        "0.png",
        "1.png",
        "2.png",
        "3.png",
        "4.png",
        "5.png",
        "6.png",
        "7.png"
      ]
    },
    "sliding": {
      "folder": "Sliding",
      "frames": [
        "0.png",
        "1.png",
        "2.png",
        "3.png",
        "4.png",
        "5.png",
        "6.png"
      ]
    },
    "stabbing": {
      "folder": "Stabbing",
      "frames": [
        "0.png",
        "1.png",
        "2.png",
        "3.png",
        "4.png",
        "5.png",
        "6.png",
        "7.png"
      ]
    }
  },
  "collideBox": {
    "x": 36,
    "y": 50,
    "width": 21,
    "height": 12
  },
  "hitBoxes": [
    {
      "x": 0,
      "y": 0,
      "width": 0,
      "height": 0
    },
    {
      "x": 0,
      "y": 0,
      "width": 0,
      "height": 0
    }
  ]
}
