{
  "sheetName": "player-dora",
  "spritefolder": "\\from gamedevmarket.com\\by sologamedev\\resized\\player-dora",
  "spriteAnimations": {
    "dying": {
      "folder": "Dying",
      "frames": [
        "0.png",
        "1.png",
        "2.png",
        "3.png",
        "4.png",
        "5.png",
        "6.png",
        "7.png"
      ]
    },
    "falling down": {
      "folder": "Falling Down",
      "frames": [
        "0.png",
        "1.png",
        "2.png",
        "3.png",
        "4.png",
        "5.png"
      ]
    },
    "firing": {
      "folder": "Firing",
      "frames": [
        "0.png",
        "1.png",
        "2.png",
        "3.png",
        "4.png",
        "5.png"
      ]
    },
    "firing in the air": {
      "folder": "Firing in The Air",
      "frames": [
        "0.png",
        "1.png",
        "2.png",
        "3.png",
        "4.png",
        "5.png"
      ]
    },
    "hurt": {
      "folder": "Hurt",
      "frames": [
        "0.png",
        "1.png",
        "2.png",
        "3.png",
        "4.png",
        "5.png",
        "6.png",
        "7.png"
      ]
    },
    "idle": {
      "folder": "Idle",
      "frames": [
        "0.png",
        "1.png",
        "2.png",
        "3.png",
        "4.png",
        "5.png",
        "6.png",
        "7.png"
      ]
    },
    "idle blinking": {
      "folder": "Idle Blinking",
      "frames": [
        "0.png",
        "1.png",
        "2.png",
        "3.png",
        "4.png",
        "5.png",
        "6.png",
        "7.png"
      ]
    },
    "jump loop": {
      "folder": "Jump Loop",
      "frames": [
        "0.png",
        "1.png",
        "2.png",
        "3.png",
        "4.png",
        "5.png"
      ]
    },
    "jump start": {
      "folder": "Jump Start",
      "frames": [
        "0.png",
        "1.png",
        "2.png",
        "3.png",
        "4.png",
        "5.png"
      ]
    },
    "kicking": {
      "folder": "Kicking",
      "frames": [
        "0.png",
        "1.png",
        "2.png",
        "3.png",
        "4.png",
        "5.png",
        "6.png",
        "7.png"
      ]
    },
    "run slashing": {
      "folder": "Run Slashing",
      "frames": [
        "0.png",
        "1.png",
        "2.png",
        "3.png",
        "4.png",
        "5.png",
        "6.png",
        "7.png"
      ]
    },
    "run throwing": {
      "folder": "Run Throwing",
      "frames": [
        "0.png",
        "1.png",
        "2.png",
        "3.png",
        "4.png",
        "5.png",
        "6.png",
        "7.png"
      ]
    },
    "running": {
      "folder": "Running",
      "frames": [
        "0.png",
        "1.png",
        "2.png",
        "3.png",
        "4.png",
        "5.png",
        "6.png",
        "7.png"
      ]
    },
    "slashing": {
      "folder": "Slashing",
      "frames": [
        "0.png",
        "1.png",
        "2.png",
        "3.png",
        "4.png",
        "5.png",
        "6.png",
        "7.png"
      ]
    },
    "slashing in the air": {
      "folder": "Slashing in The Air",
      "frames": [
        "0.png",
        "1.png",
        "2.png",
        "3.png",
        "4.png",
        "5.png",
        "6.png",
        "7.png"
      ]
    },
    "sliding": {
      "folder": "Sliding",
      "frames": [
        "0.png",
        "1.png",
        "2.png",
        "3.png",
        "4.png",
        "5.png"
      ]
    },
    "throwing": {
      "folder": "Throwing",
      "frames": [
        "0.png",
        "1.png",
        "2.png",
        "3.png",
        "4.png",
        "5.png",
        "6.png",
        "7.png"
      ]
    },
    "walking": {
      "folder": "Walking",
      "frames": [
        "0.png",
        "1.png",
        "2.png",
        "3.png",
        "4.png",
        "5.png",
        "6.png",
        "7.png"
      ]
    }
  },
  "collideBox": {
    "x": 29,
    "y": 50,
    "width": 16,
    "height": 8
  },
  "hitBoxes": [
    {
      "x": 0,
      "y": 0,
      "width": 0,
      "height": 0
    },
    {
      "x": 0,
      "y": 0,
      "width": 0,
      "height": 0
    }
  ]
}
